{"sections":{"slideshow":{"type":"slideshow","blocks":{"slide-0":{"type":"slide","settings":{"image":"shopify:\/\/shop_images\/person-fishing-on-the-beach-is-silhouetted-at-sunset.jpg","image_overlay_opacity":10,"heading":"","heading_size":"h1","subheading":"","button_label":"","link":"shopify:\/\/collections\/all","button_style_secondary":false,"show_text_box":false,"box_align":"middle-left","text_alignment":"left","text_alignment_mobile":"left","color_scheme":"scheme-2"}},"slide_AipDTc":{"type":"slide","settings":{"image":"shopify:\/\/shop_images\/a-bridge-sitting-in-thick-pink-and-purple-fog.jpg","image_overlay_opacity":10,"heading":"","heading_size":"h1","subheading":"","button_label":"","link":"shopify:\/\/collections\/all","button_style_secondary":false,"show_text_box":false,"box_align":"middle-left","text_alignment":"left","text_alignment_mobile":"left","color_scheme":"scheme-2"}}},"block_order":["slide-0","slide_AipDTc"],"settings":{"layout":"full_bleed","slide_height":"medium","slider_visual":"dots","auto_rotate":false,"change_slides_speed":5,"image_behavior":"none","show_text_below":false,"accessibility_info":""}},"featured-collection-0":{"type":"featured-collection","settings":{"collection":"all","products_to_show":4,"title":"Featured products","heading_size":"h2","description":"","show_description":false,"description_style":"body","columns_desktop":4,"enable_desktop_slider":false,"full_width":false,"show_view_all":false,"view_all_style":"solid","color_scheme":"scheme-1","image_ratio":"portrait","image_shape":"default","show_secondary_image":false,"show_vendor":false,"show_rating":false,"quick_add":"standard","columns_mobile":"2","swipe_on_mobile":false,"padding_top":60,"padding_bottom":60}}},"order":["slideshow","featured-collection-0"]}